{
    "faces":[42,0,54,2,0,0,1,2,0,0,0,42,54,0,3,0,1,0,3,0,0,0,42,32,5,34,0,4,5,6,1,2,3,42,5,32,52,0,5,4,7,2,1,4,42,8,44,45,0,8,9,10,0,0,0,42,44,8,33,0,9,8,4,0,0,0,42,8,56,39,0,8,11,12,0,0,0,42,56,8,45,0,11,8,10,0,0,0,42,3,56,54,0,3,11,1,0,0,0,42,56,3,39,0,11,3,12,0,0,0,42,13,8,39,0,13,8,12,0,0,0,42,8,13,14,0,8,13,14,0,0,5,42,44,33,6,0,9,4,6,0,0,0,42,36,16,37,0,1,0,2,6,6,6,42,16,36,42,0,0,1,3,6,6,6,42,19,49,47,0,5,4,6,7,8,9,42,49,19,59,0,4,5,7,8,7,10,42,38,24,25,0,9,8,10,6,6,6,42,24,38,49,0,8,9,4,6,6,8,42,31,24,48,0,11,8,12,6,6,6,42,24,31,25,0,8,11,10,6,6,6,42,31,42,36,0,11,3,1,6,6,6,42,42,31,48,0,3,11,12,6,6,6,42,24,28,48,0,8,13,12,6,6,6,42,28,24,29,0,13,8,14,6,6,6,42,49,38,47,0,4,9,6,8,6,9,42,9,35,46,0,9,6,6,11,11,11,42,43,21,23,0,9,6,9,12,13,14,42,43,23,30,0,9,9,10,12,14,15,42,43,30,10,0,9,10,10,12,15,16,42,11,10,30,0,11,10,10,17,16,15,42,11,30,26,0,11,10,11,17,15,18,42,11,26,15,0,11,11,1,17,18,19,42,11,15,1,0,11,1,1,17,19,20,42,55,1,15,0,2,1,1,21,20,19,42,55,15,17,0,2,1,2,21,19,22,42,55,17,41,0,2,2,0,21,22,23,42,55,41,57,0,2,0,0,21,23,24,42,58,57,41,0,3,0,0,25,24,23,42,58,41,18,0,3,0,3,25,23,26,42,58,18,27,0,3,3,12,25,26,27,42,58,27,12,0,3,12,12,25,27,28,42,40,12,27,0,13,12,12,29,28,27,42,40,27,62,0,13,12,13,29,27,30,42,40,62,63,0,13,13,14,29,30,31,42,40,63,60,0,13,14,14,29,31,32,42,61,60,63,0,8,14,14,33,32,31,42,61,63,51,0,8,14,8,33,31,34,42,51,50,61,0,8,4,8,34,35,33,42,61,50,4,0,8,4,4,33,35,36,42,4,50,53,0,4,4,7,36,35,37,42,7,20,22,0,7,4,7,37,37,37],
    "uvs":[[0.31445,0.71289,0.55469,0.70117,0.43555,0.70898,0.18555,0.70508,0.05469,0.55469,0.96875,0.38477,0.92773,0.54688,0.08984,0.42578,0.02734,0.66602,0.84375,0.60156,0.75,0.65234,0.65625,0.68359,0.08398,0.69141,0.03516,0.67969,0.02734,0.67383]],
    "skinWeights":[],
    "colors":[],
    "vertices":[75.0121,65.6386,29.452,75.6597,35.2394,27.9584,75.1915,50.2248,29.0097,75.4706,81.7827,28.5485,83.6201,98.3,11.3837,91.1828,-16.9045,-8.65531,83.8732,-11.8045,10.3984,89.6012,93.9416,-3.88521,77.6359,101.883,24.0522,80.9875,-1.10283,16.544,78.1897,10.7783,22.5086,76.5357,22.5029,26.054,76.2514,94.6187,26.9501,76.9008,100.883,25.6026,77.2249,101.687,24.9204,75.0972,35.2394,27.9584,74.4496,65.6386,29.452,74.629,50.2248,29.0097,74.9081,81.7827,28.5485,90.6204,-16.9045,-8.65531,83.0576,98.3,11.3837,83.3107,-11.8045,10.3984,89.0387,93.9416,-3.88521,80.425,-1.10283,16.544,77.0734,101.883,24.0522,77.6272,10.7783,22.5086,75.9732,22.5029,26.054,75.6889,94.6187,26.9501,76.3382,100.883,25.6026,76.6624,101.687,24.9204,77.6272,10.7783,22.5086,75.9732,22.5029,26.054,83.6201,98.3,11.3837,83.6201,98.3,11.3837,83.8732,-11.8045,10.3984,83.8732,-11.8045,10.3984,75.0972,35.2394,27.9584,74.629,50.2248,29.0097,80.425,-1.10283,16.544,76.2514,94.6187,26.9501,76.9008,100.883,25.6026,74.4496,65.6386,29.452,74.9081,81.7827,28.5485,80.9875,-1.10283,16.544,80.9875,-1.10283,16.544,78.1897,10.7783,22.5086,83.3107,-11.8045,10.3984,83.3107,-11.8045,10.3984,75.6889,94.6187,26.9501,83.0576,98.3,11.3837,83.0576,98.3,11.3837,77.0734,101.883,24.0522,89.6012,93.9416,-3.88521,89.6012,93.9416,-3.88521,75.6597,35.2394,27.9584,75.1915,50.2248,29.0097,76.5357,22.5029,26.054,75.0121,65.6386,29.452,75.4706,81.7827,28.5485,89.0387,93.9416,-3.88521,77.2249,101.687,24.9204,77.6359,101.883,24.0522,76.3382,100.883,25.6026,76.6624,101.687,24.9204],
    "materials":[{
        "blending":1,
        "colorDiffuse":[0.0588235,0.0862745,0.0941177],
        "shading":"phong",
        "visible":true,
        "doubleSided":false,
        "vertexColors":false,
        "depthWrite":true,
        "DbgName":"windows",
        "colorSpecular":[1,1,1],
        "depthTest":true,
        "DbgIndex":0,
        "opacity":0.45,
        "colorEmissive":[0,0,0],
        "wireframe":false,
        "DbgColor":15658734,
        "transparent":true,
        "specularCoef":7
    }],
    "skinIndices":[],
    "influencesPerVertex":2,
    "normals":[-0.903989,0.00173956,-0.427503,-0.931211,0.00222785,-0.364391,-0.933256,0.00119022,-0.359172,-0.933531,0.00103763,-0.358409,-0.930845,0.00241096,-0.365307,-0.903989,0.00170904,-0.427503,0.903989,-0.00173956,0.427503,0.933256,-0.00119022,0.359172,0.91583,-0.00195318,0.401502,0.927091,-0.00122074,0.374737,0.930845,-0.00241096,0.365307,0,0.497971,-0.867183,0,0.476608,-0.879086,0,0.497971,-0.867153,0,0.470046,-0.882626,0,0.361492,-0.93234,0,0.378887,-0.925413,0,0.223701,-0.974639,0,0.214545,-0.976684,0,0.107761,-0.994171,0,0.110202,-0.993896,0,0.0495926,-0.998749,0,0.0490432,-0.998779,0,-0.0133671,-0.999908,0,-0.0138249,-0.999878,0,-0.090701,-0.995849,0,-0.0887783,-0.996033,0,-0.16483,-0.986297,0,-0.169286,-0.985534,0,-0.468642,-0.883358,0,-0.411176,-0.911527,0,-0.810572,-0.58562,0,-0.891446,-0.453047,0,-0.995361,0.0961028,0,-0.999084,-0.0424818,0,-0.962004,0.272988,0,-0.961821,0.273598,0,-0.961577,0.274453],
    "metadata":{
        "generator":"io_three",
        "type":"Geometry",
        "version":3,
        "colors":0,
        "vertices":64,
        "faces":52,
        "materials":1,
        "uvs":1,
        "normals":38
    }
}