{
    "faces":[42,0,1,2,0,0,1,2,0,1,2,42,3,0,2,0,3,0,2,3,0,2,42,3,2,4,0,3,2,4,3,2,4,42,3,4,5,0,3,4,5,3,4,5,42,0,3,5,0,0,3,5,0,3,5,42,0,5,6,0,0,5,6,0,5,6,42,1,0,6,0,1,0,6,1,0,6,42,1,6,7,0,1,6,7,1,6,7,42,66,9,68,0,8,9,10,8,8,8,42,11,8,10,0,11,8,10,9,10,11,42,64,67,56,0,11,10,12,12,12,12,42,57,65,55,0,13,11,12,12,12,12,42,13,12,14,0,13,12,14,13,14,15,42,13,14,15,0,13,14,15,13,15,16,42,11,13,15,0,11,13,15,9,13,16,42,11,15,8,0,11,15,8,9,16,10,42,16,17,18,0,16,17,18,17,18,19,42,16,18,19,0,16,18,19,17,19,20,42,16,19,20,0,16,19,20,17,20,21,42,16,20,21,0,16,20,21,17,21,22,42,16,21,22,0,16,21,22,17,22,23,42,16,22,23,0,16,22,23,17,23,24,42,16,23,24,0,16,23,24,17,24,25,42,16,24,25,0,16,24,25,17,25,26,42,16,25,26,0,16,25,26,17,26,27,42,27,16,26,0,27,16,26,28,17,27,42,16,27,28,0,16,27,28,17,28,29,42,16,28,29,0,16,28,29,17,29,30,42,16,29,30,0,16,29,30,17,30,31,42,16,30,31,0,16,30,31,17,31,32,42,16,31,32,0,16,31,32,17,32,33,42,16,32,33,0,16,32,33,17,33,34,42,16,33,34,0,16,33,34,17,34,35,42,16,34,17,0,16,34,17,17,35,18,42,60,53,37,0,35,36,37,36,37,38,42,37,53,58,0,37,36,38,38,37,39,42,58,53,54,0,38,36,39,39,37,40,42,58,54,40,0,38,39,40,39,40,41,42,58,40,62,0,38,40,41,39,41,42,42,58,62,63,0,38,41,42,39,42,43,42,58,63,59,0,38,42,43,39,43,44,42,44,45,36,0,44,45,36,45,46,47,42,44,36,35,0,44,36,35,45,47,48,42,46,44,35,0,46,44,35,49,45,48,42,46,35,61,0,46,35,37,49,48,50,42,47,46,61,0,47,46,37,51,49,50,42,47,61,38,0,47,37,38,51,50,52,42,45,48,39,0,45,48,39,46,53,54,42,45,39,36,0,45,39,36,46,54,47,42,48,49,69,0,48,49,40,53,55,56,42,48,69,39,0,48,40,39,53,56,54,42,49,50,41,0,49,50,41,55,57,58,42,49,41,69,0,49,41,40,55,58,56,42,50,51,42,0,50,51,42,57,59,60,42,50,42,41,0,50,42,41,57,60,58,42,52,47,38,0,52,47,38,61,51,52,42,52,38,43,0,52,38,43,61,52,62,42,51,52,43,0,51,52,43,59,61,62,42,51,43,42,0,51,43,42,59,62,60],
    "uvs":[[0.80481,0.41845,0.80596,0.4272,0.79405,0.35699,0.79773,0.39351,0.85401,0.35496,0.85495,0.39008,0.86132,0.41759,0.86703,0.42849,0.9308,0.41654,0.9364,0.43206,0.87321,0.42803,0.86897,0.4185,0.86018,0.35455,0.86301,0.38965,0.92555,0.35388,0.92646,0.38622,0.83657,0.22606,0.81476,0.12958,0.85837,0.12958,0.88665,0.14261,0.9109,0.1636,0.92968,0.2025,0.93131,0.22606,0.92968,0.24962,0.9109,0.28852,0.88665,0.30951,0.85837,0.32254,0.81476,0.32254,0.78648,0.30951,0.76223,0.28852,0.74345,0.24962,0.74182,0.22606,0.74345,0.2025,0.76223,0.1636,0.78648,0.14261,0.35668,0.01766,0.55219,0.01766,0.35675,0.17959,0.60128,0.17963,0.56642,0.02106,0.60785,0.03996,0.688,0.07309,0.72899,0.09419,0.72899,0.17961,0.35382,0.01642,0.55233,0.01642,0.35389,0.18084,0.60217,0.18088,0.56678,0.01987,0.60885,0.03905,0.69023,0.07269,0.73185,0.09412,0.73185,0.18085]],
    "skinWeights":[],
    "colors":[],
    "vertices":[77.6401,-4.94259,-43.5014,77.4449,-6.38063,-43.9406,77.4449,-2.115,-43.8974,77.6401,-3.52145,-43.4871,79.391,-1.96754,-43.8468,79.3861,-3.38301,-43.4407,79.3861,-4.79802,-43.4541,79.391,-6.2127,-43.8867,81.3474,-4.63566,-43.4008,81.5528,-6.0261,-43.8268,79.6069,-6.19403,-43.8807,79.6014,-4.78022,-43.4482,79.6069,-1.95119,-43.8412,79.6014,-3.36587,-43.435,81.5528,-1.80373,-43.7906,81.3474,-3.22753,-43.3887,76.9214,-31.7965,-62.5205,77.6381,-34.314,-73.225,77.6381,-29.2791,-73.225,77.6381,-26.014,-71.7794,77.6381,-23.2141,-69.4503,77.6381,-21.0454,-65.1342,77.6381,-20.8572,-62.5205,77.6381,-21.0454,-59.9067,77.6381,-23.2141,-55.5907,77.6381,-26.014,-53.2616,77.6381,-29.2791,-51.816,77.6381,-34.314,-51.816,77.6381,-37.579,-53.2616,77.6381,-40.379,-55.5907,77.6381,-42.5477,-59.9067,77.6381,-42.7359,-62.5205,77.6381,-42.5477,-65.1342,77.6381,-40.379,-69.4503,77.6381,-37.579,-71.7794,79.849,-41.6824,-39.8549,79.8293,-25.2492,-39.8549,79.9157,-41.6768,-20.8247,79.8704,-21.123,-20.82,79.8286,-24.0531,-39.4562,79.8292,-20.5704,-37.2353,79.8301,-13.8333,-33.3415,79.8326,-10.3881,-30.8617,79.8461,-10.388,-20.823,80.3533,-41.9227,-40.0011,80.3334,-25.2372,-40.001,80.4211,-41.917,-20.6786,80.3752,-21.0475,-20.6739,80.3326,-24.0227,-39.5962,80.3332,-20.4865,-37.3412,80.3342,-13.6459,-33.3877,80.3367,-10.1478,-30.8697,80.3504,-10.1477,-20.6769,79.8293,-25.2492,-39.8549,79.8286,-24.0531,-39.4562,79.6069,-1.95119,-43.8412,79.6069,-1.95119,-43.8412,79.6014,-3.36587,-43.435,79.8704,-21.123,-20.82,79.8461,-10.388,-20.823,79.849,-41.6824,-39.8549,79.9157,-41.6768,-20.8247,79.8301,-13.8333,-33.3415,79.8326,-10.3881,-30.8617,79.6014,-4.78022,-43.4482,79.6014,-4.78022,-43.4482,81.3474,-4.63566,-43.4008,79.6069,-6.19403,-43.8807,79.6069,-6.19403,-43.8807,79.8292,-20.5704,-37.2353],
    "materials":[{
        "blending":1,
        "colorDiffuse":[1,1,1],
        "shading":"phong",
        "mapDiffuseAnisotropy":1,
        "visible":true,
        "doubleSided":false,
        "vertexColors":false,
        "depthWrite":true,
        "mapDiffuse":"interior.tga",
        "DbgName":"interior",
        "colorSpecular":[0.726667,0.726667,0.726667],
        "depthTest":true,
        "DbgIndex":0,
        "mapDiffuseWrap":["repeat","repeat"],
        "opacity":1,
        "mapDiffuseRepeat":[1,1],
        "colorEmissive":[0,0,0],
        "wireframe":false,
        "DbgColor":15658734,
        "transparent":false,
        "specularCoef":9
    }],
    "skinIndices":[],
    "influencesPerVertex":2,
    "normals":[0.509384,0.106876,-0.853847,0.190527,0.263192,-0.945708,0.216041,-0.245674,-0.944945,0.518693,-0.0813318,-0.851039,0.0466323,-0.27485,-0.960326,0.0376293,-0.141301,-0.989227,0.0147099,0.14481,-0.989319,0.00122074,0.292459,-0.956267,0.00119022,0.293039,-0.956084,0.0133671,0.159886,-0.98703,0.0194708,0.0908841,-0.995666,0.00170904,0.292489,-0.956236,0.999908,-9.15555e-05,0.0130924,0.0360118,-0.128086,-0.991089,0.0458388,-0.275857,-0.960082,0.0467238,-0.276864,-0.959746,0.0381176,-0.148473,-0.988159,1,0,0,0.997864,0.0136113,0.0636006,0.997864,-0.0136113,0.0636006,0.997833,-0.034547,0.0556352,0.997894,-0.0507218,0.0403455,0.997894,-0.0623798,0.0169683,0.997833,-0.0653706,0,0.997894,-0.0623798,-0.0169683,0.997894,-0.0507218,-0.0403455,0.997833,-0.034547,-0.0556352,0.997864,-0.0136113,-0.0636006,0.997864,0.0136113,-0.0636006,0.997833,0.034547,-0.0556352,0.997894,0.0507218,-0.0403455,0.997894,0.0623798,-0.0169683,0.997833,0.0653706,0,0.997894,0.0623798,0.0169683,0.997894,0.0507218,0.0403455,0.997833,0.034547,0.0556352,0.999969,0.00119022,-0.00347911,0.999969,0.00158696,-0.00283822,0.999969,0.00173956,-0.00302133,0.999969,0.00189215,-0.00225837,0.999969,0.00140385,-0.002472,0.999969,0.00134281,-0.00244148,0.999969,0.00119022,-0.00250252,0.999969,0.00152593,-0.00210578,0.999969,0.00225837,-0.00134281,0.479843,0.646229,0.593371,0.278603,-0.151463,0.948363,0.278512,-0.155889,0.947691,0.468429,0.575518,0.670309,0.478652,0.644337,-0.596393,0.467544,0.575854,-0.670644,0.278054,0.000549333,-0.96054,0.278054,0.00061037,-0.96054,0.267006,-0.410382,0.871914,0.266427,-0.418989,0.868007,0.257057,-0.501358,0.826136,0.257088,-0.502091,0.825678,0.270302,-0.529099,0.804315,0.26661,-0.516892,0.81344,0.403088,-0.833003,0.378918,0.385327,-0.792596,0.472518,0.479415,-0.643422,-0.596728,0.468429,-0.575671,-0.670186],
    "metadata":{
        "generator":"io_three",
        "type":"Geometry",
        "version":3,
        "colors":0,
        "vertices":70,
        "faces":59,
        "materials":1,
        "uvs":1,
        "normals":63
    }
}