{
    "faces":[42,42,51,2,0,0,1,2,0,0,0,42,51,42,3,0,1,0,3,0,0,0,42,4,37,46,0,4,5,6,1,2,3,42,37,4,38,0,5,4,7,2,1,4,42,47,9,50,0,8,9,10,0,0,0,42,9,47,37,0,9,8,5,0,0,2,42,43,9,35,0,11,9,12,0,0,0,42,9,43,50,0,9,11,10,0,0,0,42,43,3,42,0,11,3,0,0,0,0,42,3,43,35,0,3,11,12,0,0,0,42,9,13,35,0,9,13,12,0,0,0,42,13,9,14,0,13,9,14,0,0,5,42,37,47,46,0,5,8,6,2,0,3,42,30,16,34,0,1,0,2,6,6,6,42,16,30,31,0,0,1,3,6,6,6,42,19,20,21,0,5,4,6,7,8,9,42,20,19,59,0,4,5,7,8,7,10,42,41,24,32,0,9,8,10,6,6,6,42,24,41,40,0,8,9,5,6,6,6,42,41,33,27,0,9,11,12,6,6,6,42,33,41,32,0,11,9,10,6,6,6,42,31,33,16,0,3,11,0,6,6,6,42,33,31,27,0,11,3,12,6,6,6,42,28,41,27,0,13,9,12,6,6,6,42,41,28,29,0,9,13,14,6,6,11,42,24,40,54,0,8,5,6,6,6,6,42,6,8,53,0,6,8,6,12,13,12,42,53,8,49,0,6,8,8,12,13,14,42,49,8,25,0,8,8,10,14,13,15,42,25,8,10,0,10,8,10,15,13,16,42,10,11,25,0,10,11,10,16,17,15,42,25,11,26,0,10,11,11,15,17,18,42,26,11,48,0,11,11,0,18,17,19,42,48,11,0,0,0,11,0,19,17,20,42,0,52,48,0,0,2,0,20,21,19,42,48,52,17,0,0,2,2,19,21,22,42,17,52,15,0,2,2,1,22,21,23,42,15,52,1,0,1,2,1,23,21,24,42,1,57,15,0,1,3,1,24,25,23,42,15,57,18,0,1,3,3,23,25,26,42,18,57,45,0,3,3,12,26,25,27,42,45,57,12,0,12,3,12,27,25,28,42,12,36,45,0,12,13,12,28,29,27,42,45,36,56,0,12,13,13,27,29,30,42,56,36,58,0,13,13,14,30,29,31,42,58,36,55,0,14,13,14,31,29,32,42,55,44,58,0,14,9,14,32,33,31,42,58,44,23,0,14,9,9,31,33,34,42,39,23,44,0,5,9,9,35,34,33,42,39,44,5,0,5,9,5,35,33,36,42,39,5,7,0,5,5,7,35,36,37,42,39,7,22,0,5,7,7,35,37,37],
    "uvs":[[0.55469,0.70117,0.31445,0.71289,0.43555,0.70898,0.18555,0.70508,0.96875,0.38477,0.05469,0.55469,0.92773,0.54688,0.08984,0.42578,0.84375,0.60156,0.02734,0.66602,0.75,0.65234,0.65625,0.68359,0.08398,0.69141,0.03516,0.67969,0.02734,0.67383]],
    "skinWeights":[],
    "colors":[],
    "vertices":[-70.9935,35.2394,27.9584,-70.3459,65.6387,29.452,-70.5252,50.2248,29.0097,-70.8044,81.7827,28.5485,-86.5166,-16.9045,-8.65531,-78.9539,98.3,11.3837,-79.207,-11.8044,10.3984,-84.9349,93.9416,-3.88521,-76.3213,-1.10278,16.544,-72.9696,101.883,24.0522,-73.5235,10.7783,22.5086,-71.8695,22.5029,26.054,-71.5851,94.6187,26.9501,-72.2345,100.883,25.6026,-72.5586,101.687,24.9204,-69.7834,65.6387,29.452,-70.431,35.2394,27.9584,-69.9627,50.2248,29.0097,-70.2419,81.7827,28.5485,-78.3914,98.3,11.3837,-85.9542,-16.9045,-8.65531,-78.6445,-11.8044,10.3984,-84.3724,93.9416,-3.88521,-72.4071,101.883,24.0522,-75.7588,-1.10278,16.544,-72.961,10.7783,22.5086,-71.307,22.5029,26.054,-71.0226,94.6187,26.9501,-71.672,100.883,25.6026,-71.9961,101.687,24.9204,-69.7834,65.6387,29.452,-70.2419,81.7827,28.5485,-72.961,10.7783,22.5086,-71.307,22.5029,26.054,-69.9627,50.2248,29.0097,-71.5851,94.6187,26.9501,-72.2345,100.883,25.6026,-78.9539,98.3,11.3837,-84.9349,93.9416,-3.88521,-78.3914,98.3,11.3837,-78.3914,98.3,11.3837,-72.4071,101.883,24.0522,-70.9935,35.2394,27.9584,-71.8695,22.5029,26.054,-72.9696,101.883,24.0522,-71.0226,94.6187,26.9501,-79.207,-11.8044,10.3984,-76.3213,-1.10278,16.544,-70.431,35.2394,27.9584,-75.7588,-1.10278,16.544,-73.5235,10.7783,22.5086,-70.3459,65.6387,29.452,-70.5252,50.2248,29.0097,-78.6445,-11.8044,10.3984,-78.6445,-11.8044,10.3984,-72.5586,101.687,24.9204,-71.672,100.883,25.6026,-70.8044,81.7827,28.5485,-71.9961,101.687,24.9204,-84.3724,93.9416,-3.88521],
    "materials":[{
        "blending":1,
        "colorDiffuse":[0.0588235,0.0862745,0.0941177],
        "shading":"phong",
        "visible":true,
        "doubleSided":false,
        "vertexColors":false,
        "depthWrite":true,
        "DbgName":"windows",
        "colorSpecular":[1,1,1],
        "depthTest":true,
        "DbgIndex":0,
        "opacity":0.45,
        "colorEmissive":[0,0,0],
        "wireframe":false,
        "DbgColor":15658734,
        "transparent":true,
        "specularCoef":7
    }],
    "skinIndices":[],
    "influencesPerVertex":2,
    "normals":[0.903989,0.00173956,-0.427503,0.933256,0.00119022,-0.359172,0.91583,0.00195318,-0.401502,0.927091,0.00122074,-0.374737,0.930845,0.00241096,-0.365307,0.903989,0.00170904,-0.427534,-0.903989,-0.00173956,0.427503,-0.931211,-0.00222785,0.364391,-0.933256,-0.00119022,0.359172,-0.933531,-0.00103763,0.358409,-0.930845,-0.00241096,0.365307,-0.903989,-0.00170904,0.427534,0,0.497971,-0.867183,0,0.476913,-0.878933,0,0.470046,-0.882626,0,0.361492,-0.93234,0,0.378887,-0.925413,0,0.223701,-0.974639,0,0.214545,-0.976684,0,0.107761,-0.994171,0,0.110202,-0.993896,0,0.0495926,-0.998749,0,0.0490432,-0.998779,0,-0.0133671,-0.999908,0,-0.0138249,-0.999878,0,-0.090701,-0.995849,0,-0.0888089,-0.996033,0,-0.16483,-0.986297,0,-0.169286,-0.985534,0,-0.468642,-0.883358,0,-0.411176,-0.911527,0,-0.810572,-0.58562,0,-0.891476,-0.453047,0,-0.995361,0.0961333,0,-0.999084,-0.0424818,0,-0.962004,0.272988,0,-0.961821,0.273598,0,-0.961577,0.274483],
    "metadata":{
        "generator":"io_three",
        "type":"Geometry",
        "version":3,
        "colors":0,
        "vertices":60,
        "faces":52,
        "materials":1,
        "uvs":1,
        "normals":38
    }
}