{
    "faces":[42,0,1,2,0,0,1,2,0,0,1,42,2,1,3,0,2,1,3,1,0,1,42,4,5,0,0,4,1,0,2,2,0,42,0,5,1,0,0,1,1,0,2,0,42,6,7,4,0,5,1,4,3,3,2,42,4,7,5,0,4,1,1,2,3,2,42,8,9,6,0,6,1,5,4,4,3,42,6,9,7,0,5,1,1,3,4,3,42,10,11,8,0,7,1,6,5,5,4,42,8,11,9,0,6,1,1,4,5,4,42,12,13,10,0,8,1,7,6,6,5,42,10,13,11,0,7,1,1,5,6,5,42,14,15,12,0,9,1,8,7,7,6,42,12,15,13,0,8,1,1,6,7,6,42,58,60,3,0,3,2,3,8,8,1,42,3,60,2,0,3,2,2,1,8,1,42,18,19,20,0,1,10,2,9,9,10,42,18,20,61,0,1,2,3,9,10,11,42,22,23,19,0,1,11,10,12,12,9,42,22,19,18,0,1,10,1,12,9,9,42,24,25,23,0,1,12,11,13,13,12,42,24,23,22,0,1,11,1,13,12,12,42,26,27,25,0,1,13,12,14,14,13,42,26,25,24,0,1,12,1,14,13,13,42,28,29,27,0,1,14,13,15,15,14,42,28,27,26,0,1,13,1,15,14,14,42,30,31,29,0,1,15,14,16,16,15,42,30,29,28,0,1,14,1,16,15,15,42,32,33,31,0,1,16,15,17,17,16,42,32,31,30,0,1,15,1,17,16,16,42,17,16,21,0,2,3,3,18,18,18,42,59,61,20,0,2,3,2,18,11,10,42,55,52,48,0,17,1,2,19,19,19,42,48,52,43,0,2,1,3,19,19,20,42,51,39,56,0,18,1,17,21,21,22,42,34,63,53,0,17,1,1,21,22,21,42,46,50,47,0,2,18,2,23,23,23,42,36,38,57,0,2,18,17,23,23,23,42,62,64,54,0,1,3,1,24,24,25,42,35,41,44,0,1,3,3,24,25,24,42,65,45,42,0,3,2,3,26,26,27,42,37,40,49,0,3,2,2,26,27,26],
    "uvs":[[-0.14982,1.17473,1,1,0,0,1,0,-0.12876,1.17097,-0.10735,1.16698,-0.08563,1.16213,-0.06354,1.15597,-0.04249,1.15028,-0.02147,1.14442,-0.14963,1.17683,-0.12859,1.17309,-0.10724,1.16863,-0.08554,1.16377,-0.06348,1.15761,-0.04245,1.15192,-0.02133,1.1451,-0.03553,1.12077,-0.0355,1.12232]],
    "skinWeights":[],
    "colors":[],
    "vertices":[-53.5376,92.0061,34.1987,58.2039,92.0061,34.1987,-53.5376,102.471,33.8393,58.2039,102.471,33.8393,-53.5376,80.9723,35.0424,58.2039,80.9723,35.0424,-53.5376,69.629,35.79,58.2038,69.6289,35.79,-53.5376,57.9711,36,58.2038,57.9711,36,-53.5376,45.9719,35.37,58.2038,45.9719,35.37,-53.5376,34.4393,34.8909,58.2038,34.4392,34.8909,-53.5376,22.8202,34.2826,58.2038,22.8202,34.2826,58.2039,103.612,34.5824,-53.5376,103.612,34.5824,58.2039,92.0061,35.6534,-53.5376,92.0061,35.6534,-53.5376,102.471,35.1558,58.2039,102.471,35.1558,58.2039,80.9723,36.5169,-53.5376,80.9723,36.5169,58.2038,69.6289,36.9369,-53.5376,69.629,36.9369,58.2038,57.9711,37.1469,-53.5376,57.9711,37.1469,58.2038,45.9719,36.5169,-53.5376,45.9719,36.5169,58.2038,34.4392,36.0378,-53.5376,34.4393,36.0378,58.2038,22.7467,34.7839,-53.5376,22.7467,34.7839,-34.1198,24.1591,33.2975,38.7859,24.1591,33.2975,-34.1198,25.4394,33.2975,38.786,25.4394,33.2975,-34.1198,24.1591,34.3919,38.7859,24.1591,34.3919,-34.1198,25.4394,34.3919,38.786,25.4394,34.3919,38.786,25.4394,33.2975,38.786,25.4394,33.2975,38.786,25.4394,33.2975,-34.1198,25.4394,34.3919,-34.1198,25.4394,34.3919,-34.1198,25.4394,33.2975,-34.1198,25.4394,33.2975,-34.1198,25.4394,33.2975,-34.1198,24.1591,34.3919,-34.1198,24.1591,34.3919,38.7859,24.1591,33.2975,38.7859,24.1591,33.2975,38.7859,24.1591,33.2975,-34.1198,24.1591,33.2975,-34.1198,24.1591,33.2975,-34.1198,24.1591,33.2975,58.2039,103.612,34.5824,-53.5376,103.612,34.5824,-53.5376,103.612,34.5824,58.2039,102.471,35.1558,38.7859,24.1591,34.3919,38.7859,24.1591,34.3919,38.786,25.4394,34.3919,38.786,25.4394,34.3919],
    "materials":[{
        "blending":1,
        "colorDiffuse":[0.133333,0.133333,0.133333],
        "shading":"phong",
        "visible":true,
        "doubleSided":false,
        "vertexColors":false,
        "depthWrite":true,
        "DbgName":"plastic11",
        "colorSpecular":[1,1,1],
        "depthTest":true,
        "DbgIndex":0,
        "opacity":1,
        "colorEmissive":[0,0,0],
        "wireframe":false,
        "DbgColor":15658734,
        "transparent":false,
        "specularCoef":4
    }],
    "skinIndices":[],
    "influencesPerVertex":2,
    "normals":[0,0.055269,0.998444,0,-0.268166,0.963347,0,0.0709861,0.997467,0,0.0418714,0.999115,0,-0.0172124,0.999847,0,-0.046968,0.998871,0,-0.0468764,0.998871,0,-0.0522782,0.998627,0,-0.545793,0.837886,0,-0.0627461,-0.998016,0,-0.253822,-0.967223,0,-0.0504166,-0.998718,0,-0.0574969,-0.998321,0,-0.0274972,-0.999603,0,0.0172124,-0.999847,0,0.046968,-0.998871,0,0.0740989,-0.997223,0,0.106601,-0.994293,0,-0.449141,-0.893429,0,0,1,0,0,0.999969,0,1,0,0,0.999969,0,1,0,0,-1,0,0,-0.999969,0,0,0,-1,0,0,-0.999969,0],
    "metadata":{
        "generator":"io_three",
        "type":"Geometry",
        "version":3,
        "colors":0,
        "vertices":66,
        "faces":42,
        "materials":1,
        "uvs":1,
        "normals":28
    }
}