{
    "faces":[42,0,1,2,0,0,1,2,0,1,2,42,1,3,2,0,1,3,2,1,3,2,42,2,3,4,0,2,3,4,2,3,4,42,3,5,4,0,3,5,4,3,4,4,42,6,7,1,0,6,7,8,1,2,1,42,1,7,3,0,8,7,9,1,2,3,42,3,7,5,0,9,7,10,3,2,4,42,7,8,5,0,7,11,10,2,4,4,42,9,10,11,0,12,13,14,5,5,5,42,11,10,12,0,14,13,15,5,5,5,42,12,10,13,0,15,13,16,5,5,5,42,13,10,14,0,16,13,17,5,5,5,42,14,10,15,0,17,13,18,5,5,5,42,15,10,16,0,18,13,19,5,5,5,42,16,10,17,0,19,13,20,5,5,5,42,10,18,17,0,13,21,20,5,5,5,42,18,10,19,0,21,13,22,5,5,5,42,19,10,20,0,22,13,23,5,5,5,42,20,10,21,0,23,13,24,5,5,5,42,21,10,22,0,24,13,25,5,5,5,42,22,10,23,0,25,13,26,5,5,5,42,23,10,24,0,26,13,27,5,5,5,42,24,10,25,0,27,13,28,5,5,5,42,25,10,9,0,28,13,12,5,5,5,42,26,27,28,0,29,30,31,5,5,5,42,28,27,29,0,31,30,32,5,5,5,42,29,27,30,0,32,30,33,5,5,5,42,30,27,31,0,33,30,34,5,5,5,42,31,27,32,0,34,30,35,5,5,5,42,32,27,33,0,35,30,36,5,5,5,42,33,27,34,0,36,30,37,5,5,5,42,27,35,34,0,30,38,37,5,5,5,42,35,27,36,0,38,30,39,5,5,5,42,36,27,37,0,39,30,40,5,5,5,42,37,27,38,0,40,30,41,5,5,5,42,38,27,39,0,41,30,42,5,5,5,42,39,27,40,0,42,30,43,5,5,5,42,40,27,41,0,43,30,44,5,5,5,42,41,27,42,0,44,30,45,5,5,5,42,42,27,26,0,45,30,29,5,5,5],
    "uvs":[[0.34035,0.99455,0.50342,0.99606,0.38926,0.85317,0.50342,0.85421,0.38307,0.7118,0.50342,0.70969,0.65755,0.99164,0.61016,0.85252,0.50411,0.99292,0.50411,0.85351,0.50411,0.71142,0.61208,0.71339,0.37104,0.81796,0.18309,0.81796,0.35653,0.88711,0.31599,0.94588,0.25493,0.9849,0.18309,0.99887,0.11125,0.9849,0.05019,0.94588,0.00965,0.88711,-0.00485,0.81796,0.00965,0.74881,0.05019,0.69003,0.11125,0.65101,0.18309,0.63705,0.25493,0.65101,0.31599,0.69003,0.35653,0.74881,0.9801,0.88542,0.81399,0.81441,0.94127,0.94577,0.88279,0.98584,0.81399,1.00018,0.74518,0.98584,0.68671,0.94577,0.64788,0.88542,0.63398,0.81441,0.64788,0.7434,0.68671,0.68305,0.74518,0.64298,0.81399,0.62864,0.88279,0.64298,0.94127,0.68305,0.98391,0.73997,0.99918,0.80811]],
    "skinWeights":[],
    "colors":[],
    "vertices":[52.4061,-32.79,-11.5138,45.0331,-32.79,-11.5138,49.8773,-31.1435,-16.3987,45.0321,-31.1435,-16.3987,50.4266,-29.9197,-20.0888,45.0331,-29.9197,-20.0888,37.2741,-32.79,-11.5138,39.8028,-31.1435,-16.3987,39.2535,-29.9197,-20.0888,50.6724,-37.5978,-17.5929,57.8522,-37.5978,-17.5929,51.2266,-38.4451,-14.8485,52.7753,-39.1651,-12.5161,55.1078,-39.6432,-10.9673,57.8522,-39.8143,-10.4131,60.5966,-39.6432,-10.9673,62.9291,-39.1651,-12.5161,64.4778,-38.4451,-14.8485,65.032,-37.5978,-17.5929,64.4778,-36.7506,-20.3373,62.9291,-36.0306,-22.6698,60.5966,-35.5525,-24.2185,57.8522,-35.3814,-24.7727,55.1078,-35.5525,-24.2185,52.7753,-36.0306,-22.6698,51.2266,-36.7506,-20.3373,25.6334,-38.4355,-14.8793,32.1845,-37.5978,-17.5929,27.1647,-39.1474,-12.5731,29.471,-39.6202,-11.0418,32.1845,-39.7893,-10.4938,34.8981,-39.6202,-11.0418,37.2044,-39.1475,-12.5731,38.7357,-38.4355,-14.8793,39.2836,-37.5978,-17.5929,38.7357,-36.7601,-20.3065,37.2044,-36.0482,-22.6127,34.8981,-35.5754,-24.1441,32.1845,-35.4063,-24.692,29.471,-35.5754,-24.1441,27.1647,-36.0482,-22.6127,25.6334,-36.7601,-20.3065,25.0854,-37.5978,-17.5929],
    "materials":[{
        "blending":1,
        "colorDiffuse":[0.4,0.4,0.4],
        "shading":"phong",
        "visible":true,
        "doubleSided":false,
        "vertexColors":false,
        "depthWrite":true,
        "DbgName":"matte__01",
        "colorSpecular":[1,1,1],
        "depthTest":true,
        "DbgIndex":0,
        "opacity":0.51,
        "colorEmissive":[0,0,0],
        "wireframe":false,
        "DbgColor":15658734,
        "transparent":true,
        "specularCoef":17
    }],
    "skinIndices":[],
    "influencesPerVertex":2,
    "normals":[0,-0.9476,-0.319407,0,-0.9476,-0.319376,0,-0.948302,-0.31727,0,-0.948363,-0.317087,0,-0.949156,-0.314798,0,-0.955504,-0.294961],
    "metadata":{
        "generator":"io_three",
        "type":"Geometry",
        "version":3,
        "colors":0,
        "vertices":43,
        "faces":40,
        "materials":1,
        "uvs":1,
        "normals":6
    }
}